SiteId,SiteName,MonitorDate,AQI,SO2SubIndex,COSubIndex,O3SubIndex,PM10SubIndex,NO2SubIndex,O38SubIndex,PM25SubIndex
43,新營,2022-03-17,89,5,3,,44,28,64,89
67,三重,2022-03-17,101,12,16,,47,64,,101
17,桃園,2022-03-17,97,22,6,,50,47,35,97
57,前鎮,2022-03-17,96,12,7,,57,51,,96
9,林口,2022-03-17,83,8,5,,41,50,44,83
54,左營,2022-03-17,97,15,6,,51,42,93,97
33,彰化,2022-03-17,107,10,5,,60,48,39,107
32,西屯,2022-03-17,102,20,5,,54,57,43,102
42,嘉義,2022-03-17,86,8,3,,44,30,58,86
58,小港,2022-03-17,99,18,6,,53,64,42,99
63,花蓮,2022-03-17,27,8,1,,14,13,26,27
61,恆春,2022-03-17,30,2,1,,7,13,30,10
28,豐原,2022-03-17,96,10,5,,43,35,37,96
25,頭份,2022-03-17,91,5,5,,47,28,,91
68,中壢,2022-03-17,98,2,11,,59,55,,98
46,臺南,2022-03-17,108,5,5,,56,38,61,108
24,新竹,2022-03-17,83,2,3,,41,32,40,83
12,中山,2022-03-17,87,10,10,,44,60,41,87
40,朴子,2022-03-17,107,5,3,,53,35,54,107
49,仁武,2022-03-17,103,15,5,,49,51,49,103
7,新莊,2022-03-17,91,12,6,,46,51,48,91
20,平鎮,2022-03-17,95,2,5,,51,43,43,95
47,美濃,2022-03-17,69,5,3,,38,25,50,69
3,萬里,2022-03-17,71,5,3,,30,30,71,61
80,關山,2022-03-17,22,5,1,,12,8,21,22
37,斗六,2022-03-17,92,5,2,,47,28,61,92
26,苗栗,2022-03-17,96,5,5,,49,28,42,96
41,臺西,2022-03-17,76,8,3,,44,28,,76
34,線西,2022-03-17,97,8,3,,56,33,,97
6,板橋,2022-03-17,89,28,7,,46,47,58,89
72,埔里,2022-03-17,106,8,5,,57,25,58,106
56,前金,2022-03-17,100,15,6,,54,43,100,91
85,大城,2022-03-17,82,2,2,,44,22,58,82
14,古亭,2022-03-17,93,5,7,,42,55,64,93
31,忠明,2022-03-17,84,10,6,,48,59,46,84
52,林園,2022-03-17,136,8,5,,60,35,136,94
53,楠梓,2022-03-17,95,8,5,,56,48,93,95
11,士林,2022-03-17,80,8,7,,45,55,44,80
59,屏東,2022-03-17,92,5,5,,51,28,54,92
38,崙背,2022-03-17,85,5,3,,55,25,44,85
1,基隆,2022-03-17,76,8,5,,35,51,50,76
45,安南,2022-03-17,91,5,5,,55,38,64,91
69,竹山,2022-03-17,107,5,2,,49,25,100,107
44,善化,2022-03-17,81,10,2,,36,30,58,81
84,富貴角,2022-03-17,66,2,2,,35,17,58,66
5,土城,2022-03-17,88,15,6,,47,53,51,88
71,復興,2022-03-17,99,10,9,,54,50,,99
48,橋頭,2022-03-17,100,8,3,,57,42,100,98
66,冬山,2022-03-17,37,2,2,,24,28,33,37
78,馬公,2022-03-17,49,0,2,,20,17,49,45
16,大同,2022-03-17,93,12,20,,49,74,,93
22,湖口,2022-03-17,79,2,2,,34,38,45,79
51,大寮,2022-03-17,98,10,5,,53,38,48,98
70,永和,2022-03-17,101,5,14,,49,60,,101
10,淡水,2022-03-17,86,2,5,,42,35,43,86
39,新港,2022-03-17,103,8,3,,52,23,39,103
18,大園,2022-03-17,87,10,3,,38,42,39,87
36,南投,2022-03-17,103,10,5,,58,38,58,103
13,萬華,2022-03-17,89,8,8,,40,55,44,89
50,鳳山,2022-03-17,110,18,10,,51,63,,110
15,松山,2022-03-17,80,28,7,,41,57,54,80
27,三義,2022-03-17,87,5,3,,45,22,49,87
29,沙鹿,2022-03-17,104,25,6,,60,56,36,104
2,汐止,2022-03-17,76,20,7,,38,52,74,76
8,菜寮,2022-03-17,96,5,8,,44,55,44,96
62,臺東,2022-03-17,27,2,2,,16,12,27,21
60,潮州,2022-03-17,86,5,3,,48,18,84,86
64,陽明,2022-03-17,61,2,2,,20,8,61,55
35,二林,2022-03-17,104,5,3,,61,17,47,104
30,大里,2022-03-17,105,12,5,,59,50,44,105
77,金門,2022-03-17,73,10,3,,38,48,30,73
21,龍潭,2022-03-17,94,2,5,,55,38,43,94
75,馬祖,2022-03-17,59,5,2,,28,43,31,59
83,麥寮,2022-03-17,88,12,5,,49,25,,88
23,竹東,2022-03-17,86,2,3,,43,22,44,86
65,宜蘭,2022-03-17,34,0,2,,20,15,34,27
4,新店,2022-03-17,80,5,5,,36,47,80,75
19,觀音,2022-03-17,78,32,2,,39,20,44,78
66,冬山,2022-03-16,34,2,2,,25,25,17,34
40,朴子,2022-03-16,152,5,5,,78,17,87,152
59,屏東,2022-03-16,115,5,3,,54,23,115,98
62,臺東,2022-03-16,31,2,2,,20,10,31,27
12,中山,2022-03-16,44,5,6,,23,42,38,44
29,沙鹿,2022-03-16,131,8,6,,81,50,50,131
46,臺南,2022-03-16,154,2,6,,82,38,67,154
25,頭份,2022-03-16,109,8,5,,63,33,,109
26,苗栗,2022-03-16,109,2,5,,57,30,47,109
18,大園,2022-03-16,96,8,5,,44,48,67,96
84,富貴角,2022-03-16,118,2,2,,28,12,118,52
17,桃園,2022-03-16,93,38,6,,36,52,93,67
78,馬公,2022-03-16,54,0,2,,25,10,44,54
65,宜蘭,2022-03-16,31,2,2,,22,17,31,26
11,士林,2022-03-16,46,5,3,,23,35,46,35
22,湖口,2022-03-16,95,2,3,,44,42,80,95
42,嘉義,2022-03-16,153,12,5,,83,23,87,153
43,新營,2022-03-16,151,2,5,,83,20,93,151
38,崙背,2022-03-16,128,2,6,,89,17,74,128
36,南投,2022-03-16,126,8,5,,68,27,115,126
13,萬華,2022-03-16,50,5,5,,21,50,44,44
70,永和,2022-03-16,48,2,11,,21,48,,44
9,林口,2022-03-16,93,8,3,,28,38,93,49
68,中壢,2022-03-16,96,5,14,,59,64,,96
34,線西,2022-03-16,120,10,6,,72,32,,120
32,西屯,2022-03-16,148,5,6,,79,50,74,148
48,橋頭,2022-03-16,124,2,7,,71,43,80,124
14,古亭,2022-03-16,39,2,2,,17,37,35,39
44,善化,2022-03-16,143,2,5,,79,33,74,143
33,彰化,2022-03-16,146,20,7,,79,52,45,146
60,潮州,2022-03-16,143,12,3,,49,22,143,97
77,金門,2022-03-16,104,12,5,,57,56,58,104
15,松山,2022-03-16,40,5,2,,19,40,30,27
3,萬里,2022-03-16,33,10,1,,14,20,33,26
75,馬祖,2022-03-16,84,12,7,,34,25,51,84
20,平鎮,2022-03-16,96,10,6,,51,57,77,96
30,大里,2022-03-16,149,12,8,,87,51,67,149
28,豐原,2022-03-16,145,5,7,,70,38,46,145
21,龍潭,2022-03-16,93,5,7,,54,63,87,93
5,土城,2022-03-16,55,8,7,,29,54,48,55
16,大同,2022-03-16,60,5,17,,38,55,,60
37,斗六,2022-03-16,155,5,5,,97,25,87,155
69,竹山,2022-03-16,141,5,3,,70,23,104,141
72,埔里,2022-03-16,132,5,6,,57,20,132,103
1,基隆,2022-03-16,32,0,2,,18,13,31,32
27,三義,2022-03-16,112,8,5,,67,37,90,112
80,關山,2022-03-16,30,0,1,,13,7,30,27
57,前鎮,2022-03-16,92,8,6,,51,42,,92
51,大寮,2022-03-16,106,30,5,,57,51,64,106
4,新店,2022-03-16,38,0,3,,22,37,36,38
49,仁武,2022-03-16,111,5,5,,56,48,64,111
23,竹東,2022-03-16,88,2,5,,46,33,54,88
35,二林,2022-03-16,144,2,5,,,25,77,144
56,前金,2022-03-16,95,12,5,,51,35,90,95
67,三重,2022-03-16,69,5,11,,30,69,,53
71,復興,2022-03-16,84,10,6,,47,40,,84
50,鳳山,2022-03-16,97,8,8,,46,38,,97
41,臺西,2022-03-16,91,8,5,,59,18,,91
10,淡水,2022-03-16,84,5,3,,25,28,84,59
31,忠明,2022-03-16,119,5,7,,70,56,90,119
54,左營,2022-03-16,108,5,5,,57,37,80,108
61,恆春,2022-03-16,35,2,1,,14,2,35,23
24,新竹,2022-03-16,108,5,6,,53,48,54,108
64,陽明,2022-03-16,38,2,1,,14,7,38,33
52,林園,2022-03-16,90,5,3,,58,23,77,90
47,美濃,2022-03-16,101,5,3,,39,15,101,73
8,菜寮,2022-03-16,58,2,5,,26,43,58,53
39,新港,2022-03-16,154,5,6,,95,20,51,154
45,安南,2022-03-16,136,2,6,,80,35,77,136
19,觀音,2022-03-16,92,8,3,,44,32,80,92
58,小港,2022-03-16,88,5,3,,46,38,48,88
6,板橋,2022-03-16,64,5,6,,26,51,64,51
63,花蓮,2022-03-16,32,2,2,,16,13,32,31
2,汐止,2022-03-16,42,0,3,,18,42,32,29
7,新莊,2022-03-16,87,5,7,,31,50,87,54
83,麥寮,2022-03-16,120,10,5,,72,22,,120
53,楠梓,2022-03-16,107,5,6,,60,47,90,107
85,大城,2022-03-16,90,2,3,,57,22,90,90
68,中壢,2022-03-15,73,10,11,,46,60,,73
46,臺南,2022-03-15,99,12,5,,59,47,58,99
58,小港,2022-03-15,88,15,5,,50,80,61,88
70,永和,2022-03-15,43,10,7,,20,38,,43
67,三重,2022-03-15,55,8,12,,25,55,,49
53,楠梓,2022-03-15,87,8,5,,59,42,87,85
64,陽明,2022-03-15,46,8,2,,14,8,46,36
65,宜蘭,2022-03-15,33,5,2,,19,13,33,31
72,埔里,2022-03-15,112,2,3,,28,25,112,53
60,潮州,2022-03-15,169,12,3,104,42,18,169,82
52,林園,2022-03-15,80,10,3,,52,57,80,73
78,馬公,2022-03-15,67,2,2,,32,8,67,55
71,復興,2022-03-15,81,18,8,,49,54,,81
35,二林,2022-03-15,109,12,5,,,38,64,109
45,安南,2022-03-15,89,12,5,,57,38,64,89
16,大同,2022-03-15,54,8,12,,32,54,,52
50,鳳山,2022-03-15,85,15,8,,45,53,,85
23,竹東,2022-03-15,68,2,3,,39,27,49,68
57,前鎮,2022-03-15,83,12,7,,55,55,,83
13,萬華,2022-03-15,45,10,5,,15,45,31,35
54,左營,2022-03-15,90,8,6,,56,48,84,90
14,古亭,2022-03-15,39,10,3,,19,38,29,39
19,觀音,2022-03-15,70,15,5,,41,57,50,70
24,新竹,2022-03-15,84,8,5,,43,52,44,84
18,大園,2022-03-15,61,18,5,,30,61,47,58
17,桃園,2022-03-15,63,40,7,,33,53,38,63
69,竹山,2022-03-15,101,8,3,,45,30,101,83
21,龍潭,2022-03-15,66,2,5,,40,55,43,66
41,臺西,2022-03-15,76,12,3,,49,37,,76
42,嘉義,2022-03-15,107,25,6,,62,35,64,107
22,湖口,2022-03-15,82,10,3,,40,53,47,82
43,新營,2022-03-15,105,10,5,,61,45,71,105
2,汐止,2022-03-15,40,20,3,,18,40,29,33
6,板橋,2022-03-15,47,12,6,,24,47,36,47
3,萬里,2022-03-15,40,8,2,,20,17,40,35
61,恆春,2022-03-15,32,2,1,,9,2,32,18
49,仁武,2022-03-15,88,10,5,,50,52,64,88
47,美濃,2022-03-15,80,8,2,,36,15,80,58
84,富貴角,2022-03-15,64,8,1,,26,8,64,43
5,土城,2022-03-15,44,10,6,,23,42,31,44
10,淡水,2022-03-15,53,5,5,,24,42,40,53
44,善化,2022-03-15,90,18,3,,47,35,74,90
8,菜寮,2022-03-15,54,2,6,,20,54,34,46
29,沙鹿,2022-03-15,89,8,5,,55,50,51,89
11,士林,2022-03-15,47,8,3,,17,47,34,34
48,橋頭,2022-03-15,96,8,5,,61,42,74,96
59,屏東,2022-03-15,129,5,5,,48,30,129,77
36,南投,2022-03-15,87,8,5,,45,42,87,73
32,西屯,2022-03-15,91,5,5,,56,54,74,91
77,金門,2022-03-15,90,8,3,,42,51,90,77
51,大寮,2022-03-15,100,35,6,,54,54,100,92
83,麥寮,2022-03-15,92,5,5,,56,35,,92
85,大城,2022-03-15,90,5,3,,46,40,90,82
12,中山,2022-03-15,54,8,6,,19,54,27,39
7,新莊,2022-03-15,58,18,7,,31,58,35,48
9,林口,2022-03-15,46,2,3,,29,37,41,46
1,基隆,2022-03-15,52,12,5,,23,52,33,46
31,忠明,2022-03-15,84,5,6,,48,60,84,74
62,臺東,2022-03-15,33,2,2,,19,8,33,21
26,苗栗,2022-03-15,77,5,3,,46,32,45,77
27,三義,2022-03-15,71,8,3,,36,18,71,67
33,彰化,2022-03-15,92,12,5,,59,55,50,92
34,線西,2022-03-15,96,18,5,,61,53,,96
80,關山,2022-03-15,30,2,1,,12,8,30,25
25,頭份,2022-03-15,81,10,5,,48,42,,81
63,花蓮,2022-03-15,38,0,2,,16,13,38,35
38,崙背,2022-03-15,111,12,5,,74,38,61,111
39,新港,2022-03-15,117,10,5,,71,35,46,117
28,豐原,2022-03-15,77,10,5,,40,33,38,77
4,新店,2022-03-15,37,12,3,,20,32,31,37
40,朴子,2022-03-15,116,12,5,,63,37,74,116
20,平鎮,2022-03-15,67,12,6,,38,57,42,67
56,前金,2022-03-15,101,10,5,,50,48,101,80
75,馬祖,2022-03-15,97,5,5,,34,52,97,81
66,冬山,2022-03-15,32,10,2,,22,20,32,31
30,大里,2022-03-15,87,5,7,,56,55,74,87
37,斗六,2022-03-15,95,10,5,,58,32,84,95
15,松山,2022-03-15,50,18,5,,21,50,26,39
49,仁武,2022-03-14,65,8,5,,33,52,48,65
72,埔里,2022-03-14,51,2,3,,23,33,46,51
70,永和,2022-03-14,58,12,12,,30,58,,57
61,恆春,2022-03-14,31,2,1,,8,0,31,13
58,小港,2022-03-14,65,51,3,,36,65,44,64
68,中壢,2022-03-14,61,8,14,,36,61,,61
19,觀音,2022-03-14,79,10,5,,45,59,40,79
77,金門,2022-03-14,69,10,3,,40,61,35,69
80,關山,2022-03-14,25,2,1,,9,8,25,20
27,三義,2022-03-14,44,8,2,,20,23,44,40
51,大寮,2022-03-14,74,20,5,,45,42,50,74
56,前金,2022-03-14,80,10,5,,35,42,80,56
67,三重,2022-03-14,63,10,12,,29,63,,56
78,馬公,2022-03-14,48,2,2,,26,15,48,46
37,斗六,2022-03-14,71,8,3,,42,35,61,71
42,嘉義,2022-03-14,78,15,5,,45,33,45,78
66,冬山,2022-03-14,35,5,3,,23,30,24,35
54,左營,2022-03-14,64,8,5,,36,50,64,64
60,潮州,2022-03-14,74,10,2,,28,20,74,56
21,龍潭,2022-03-14,59,5,5,,27,59,45,52
20,平鎮,2022-03-14,57,10,7,,30,57,37,54
34,線西,2022-03-14,73,10,5,,40,55,,73
32,西屯,2022-03-14,63,5,5,,37,55,44,63
29,沙鹿,2022-03-14,67,8,6,,38,55,44,67
30,大里,2022-03-14,70,8,6,,39,53,41,70
35,二林,2022-03-14,92,10,3,,62,28,44,92
33,彰化,2022-03-14,75,15,6,,45,55,31,75
31,忠明,2022-03-14,61,8,6,,32,61,41,54
23,竹東,2022-03-14,46,2,3,,27,27,41,46
24,新竹,2022-03-14,61,5,6,,28,58,44,61
53,楠梓,2022-03-14,60,12,5,,36,54,48,60
25,頭份,2022-03-14,57,12,5,,30,54,,57
36,南投,2022-03-14,84,5,5,,36,48,84,65
65,宜蘭,2022-03-14,37,2,2,,20,17,37,31
41,臺西,2022-03-14,60,10,3,,37,25,,60
22,湖口,2022-03-14,65,5,5,,30,55,49,65
26,苗栗,2022-03-14,49,10,3,,24,45,43,49
63,花蓮,2022-03-14,31,8,2,,15,13,31,25
28,豐原,2022-03-14,51,8,3,,25,23,32,51
15,松山,2022-03-14,63,18,6,,27,63,30,50
1,基隆,2022-03-14,59,5,6,,27,59,47,59
57,前鎮,2022-03-14,56,10,5,,37,55,,56
46,臺南,2022-03-14,71,8,5,,41,47,49,71
39,新港,2022-03-14,83,8,3,,50,25,39,83
16,大同,2022-03-14,62,12,17,,37,62,,59
14,古亭,2022-03-14,55,12,6,,23,55,34,50
69,竹山,2022-03-14,58,2,3,,30,35,58,58
12,中山,2022-03-14,53,10,7,,23,53,28,45
8,菜寮,2022-03-14,54,5,7,,25,52,39,54
59,屏東,2022-03-14,70,5,3,,39,33,47,70
48,橋頭,2022-03-14,64,18,3,,39,37,64,64
75,馬祖,2022-03-14,60,5,2,,25,55,24,60
13,萬華,2022-03-14,57,12,6,,22,57,31,49
17,桃園,2022-03-14,57,57,7,,29,56,34,
40,朴子,2022-03-14,80,10,3,,45,27,44,80
38,崙背,2022-03-14,82,20,5,,55,28,48,82
4,新店,2022-03-14,47,15,5,,23,47,39,42
5,土城,2022-03-14,59,12,8,,31,59,44,58
2,汐止,2022-03-14,57,18,5,,23,57,32,47
50,鳳山,2022-03-14,67,8,8,,34,45,,67
10,淡水,2022-03-14,59,10,5,,27,47,47,59
3,萬里,2022-03-14,61,2,2,,21,37,61,44
47,美濃,2022-03-14,47,8,2,,26,13,45,47
52,林園,2022-03-14,84,2,3,,46,23,84,62
64,陽明,2022-03-14,51,8,2,,19,13,51,44
71,復興,2022-03-14,57,12,6,,36,52,,57
6,板橋,2022-03-14,55,10,7,,27,55,42,52
43,新營,2022-03-14,74,8,3,,43,32,51,74
44,善化,2022-03-14,70,20,2,,34,33,51,70
7,新莊,2022-03-14,59,5,7,,32,58,30,59
62,臺東,2022-03-14,28,2,2,,14,12,28,19
84,富貴角,2022-03-14,47,8,2,,25,18,47,44
45,安南,2022-03-14,67,10,5,,41,35,47,67
18,大園,2022-03-14,76,20,5,,34,66,19,76
85,大城,2022-03-14,70,5,3,,38,45,49,70
9,林口,2022-03-14,57,10,5,,25,57,39,43
11,士林,2022-03-14,54,25,5,,27,54,36,44
83,麥寮,2022-03-14,71,5,5,,44,25,,71
9,林口,2022-03-13,59,8,5,,30,40,49,59
72,埔里,2022-03-13,52,5,3,,24,25,49,52
13,萬華,2022-03-13,58,5,6,,25,55,45,58
77,金門,2022-03-13,93,15,5,,49,55,50,93
70,永和,2022-03-13,56,8,8,,27,43,,56
69,竹山,2022-03-13,83,8,2,,35,30,67,83
46,臺南,2022-03-13,76,5,5,,38,55,61,76
78,馬公,2022-03-13,61,2,2,,32,15,61,52
62,臺東,2022-03-13,35,2,2,,21,10,35,31
61,恆春,2022-03-13,38,2,1,,21,2,38,32
65,宜蘭,2022-03-13,38,2,1,,22,12,38,32
66,冬山,2022-03-13,35,8,3,,23,17,35,34
56,前金,2022-03-13,132,5,3,,34,33,132,60
59,屏東,2022-03-13,93,18,5,,44,35,93,79
50,鳳山,2022-03-13,77,8,7,,38,35,,77
49,仁武,2022-03-13,84,15,6,,35,52,84,75
53,楠梓,2022-03-13,100,8,5,,38,42,100,65
54,左營,2022-03-13,112,5,5,,35,35,112,67
67,三重,2022-03-13,67,15,12,,33,57,,67
48,橋頭,2022-03-13,101,8,3,,41,33,101,70
43,新營,2022-03-13,85,10,3,,43,32,64,85
44,善化,2022-03-13,67,10,2,,31,37,64,67
41,臺西,2022-03-13,70,10,3,,43,22,,70
42,嘉義,2022-03-13,87,15,3,,46,23,64,87
68,中壢,2022-03-13,84,2,11,,42,59,,84
45,安南,2022-03-13,69,8,5,,39,43,64,69
80,關山,2022-03-13,33,2,1,,14,8,33,26
6,板橋,2022-03-13,54,8,5,,24,40,47,54
47,美濃,2022-03-13,87,8,3,,32,18,87,61
32,西屯,2022-03-13,95,15,6,,52,51,51,95
33,彰化,2022-03-13,91,12,6,,46,40,47,91
30,大里,2022-03-13,74,10,5,,37,51,47,74
28,豐原,2022-03-13,59,8,3,,29,18,39,59
29,沙鹿,2022-03-13,88,32,7,,53,54,44,88
34,線西,2022-03-13,86,12,3,,48,40,,86
23,竹東,2022-03-13,55,5,2,,25,15,43,55
22,湖口,2022-03-13,78,5,3,,35,45,45,78
24,新竹,2022-03-13,75,5,5,,35,50,42,75
25,頭份,2022-03-13,78,10,3,,41,43,,78
35,二林,2022-03-13,110,8,3,,61,22,64,110
21,龍潭,2022-03-13,63,2,3,,29,45,43,63
39,新港,2022-03-13,103,8,3,,53,18,45,103
19,觀音,2022-03-13,82,8,3,,40,38,46,82
20,平鎮,2022-03-13,70,5,5,,38,63,42,70
36,南投,2022-03-13,62,12,3,,31,27,54,62
38,崙背,2022-03-13,90,8,3,,52,17,50,90
51,大寮,2022-03-13,104,75,5,,46,42,104,83
52,林園,2022-03-13,126,10,5,,53,28,126,78
37,斗六,2022-03-13,95,8,3,,50,25,58,95
31,忠明,2022-03-13,76,20,7,,45,57,61,76
14,古亭,2022-03-13,47,8,3,,20,35,47,43
63,花蓮,2022-03-13,37,2,2,,16,12,37,32
64,陽明,2022-03-13,44,8,2,,16,10,44,37
10,淡水,2022-03-13,76,5,6,,34,51,46,76
11,士林,2022-03-13,49,8,5,,31,42,40,49
12,中山,2022-03-13,55,5,6,,26,52,43,55
15,松山,2022-03-13,51,10,5,,24,50,51,46
60,潮州,2022-03-13,87,8,3,,33,17,87,64
5,土城,2022-03-13,52,5,5,,23,38,44,52
3,萬里,2022-03-13,67,5,3,,29,20,67,57
7,新莊,2022-03-13,63,18,6,,31,56,44,63
8,菜寮,2022-03-13,64,5,6,,28,48,46,64
75,馬祖,2022-03-13,77,10,5,,40,42,45,77
27,三義,2022-03-13,54,2,2,,26,17,48,54
17,桃園,2022-03-13,50,45,6,,34,50,43,
57,前鎮,2022-03-13,65,10,5,,43,42,,65
83,麥寮,2022-03-13,82,20,3,,47,23,,82
84,富貴角,2022-03-13,74,2,2,,37,37,67,74
2,汐止,2022-03-13,58,15,3,,23,45,58,46
71,復興,2022-03-13,66,8,6,,38,47,,66
16,大同,2022-03-13,64,5,12,,38,55,,64
85,大城,2022-03-13,83,8,2,,45,28,74,83
40,朴子,2022-03-13,87,10,2,,42,17,58,87
4,新店,2022-03-13,47,8,3,,21,27,47,44
18,大園,2022-03-13,92,12,5,,41,54,44,92
26,苗栗,2022-03-13,74,5,3,,33,35,43,74
1,基隆,2022-03-13,62,5,5,,28,35,48,62
58,小港,2022-03-13,97,12,3,,37,47,97,71
77,金門,2022-03-12,105,15,5,,64,51,104,105
19,觀音,2022-03-12,82,18,6,,38,33,48,82
22,湖口,2022-03-12,87,5,5,,39,52,51,87
69,竹山,2022-03-12,122,10,3,,45,28,122,84
70,永和,2022-03-12,46,2,5,,23,43,,46
68,中壢,2022-03-12,80,2,12,,44,66,,80
66,冬山,2022-03-12,37,2,2,,21,17,37,31
67,三重,2022-03-12,67,5,10,,30,67,,48
59,屏東,2022-03-12,151,30,5,,45,37,151,76
54,左營,2022-03-12,146,10,6,,46,47,146,81
51,大寮,2022-03-12,85,20,5,,48,43,84,85
75,馬祖,2022-03-12,64,12,3,,31,17,45,64
58,小港,2022-03-12,90,20,3,,41,61,90,77
72,埔里,2022-03-12,90,5,5,,27,32,90,55
78,馬公,2022-03-12,80,2,2,,33,12,80,58
33,彰化,2022-03-12,99,10,9,,54,55,44,99
49,仁武,2022-03-12,93,32,5,,44,56,93,80
44,善化,2022-03-12,104,42,3,,49,52,104,96
42,嘉義,2022-03-12,136,15,5,,51,38,136,95
43,新營,2022-03-12,122,12,5,,54,35,122,98
45,安南,2022-03-12,104,10,6,,61,55,104,99
32,西屯,2022-03-12,86,8,7,,51,64,61,86
40,朴子,2022-03-12,126,10,5,,63,37,90,126
24,新竹,2022-03-12,88,12,7,,38,62,34,88
25,頭份,2022-03-12,76,5,3,,36,42,,76
29,沙鹿,2022-03-12,98,8,6,,53,61,49,98
47,美濃,2022-03-12,151,12,3,,39,22,151,62
36,南投,2022-03-12,101,8,3,,38,33,101,72
50,鳳山,2022-03-12,75,45,8,,38,51,,75
80,關山,2022-03-12,36,2,1,,16,8,36,28
48,橋頭,2022-03-12,126,15,5,,50,52,126,81
28,豐原,2022-03-12,65,12,5,,31,33,44,65
57,前鎮,2022-03-12,73,20,5,,45,55,,73
56,前金,2022-03-12,97,15,5,,37,45,97,64
53,楠梓,2022-03-12,118,25,5,,45,52,118,66
35,二林,2022-03-12,129,8,5,,72,35,58,129
34,線西,2022-03-12,95,10,5,,52,47,,95
52,林園,2022-03-12,154,10,3,,53,28,154,77
30,大里,2022-03-12,91,15,7,,53,60,54,91
27,三義,2022-03-12,51,5,2,,22,12,51,46
31,忠明,2022-03-12,76,8,7,,47,64,71,76
26,苗栗,2022-03-12,85,10,5,,42,50,43,85
3,萬里,2022-03-12,40,0,1,,17,10,40,29
38,崙背,2022-03-12,111,10,5,,63,35,61,111
18,大園,2022-03-12,85,15,5,,40,54,49,85
37,斗六,2022-03-12,112,12,5,,60,28,101,112
20,平鎮,2022-03-12,74,8,7,,40,64,67,74
46,臺南,2022-03-12,108,10,6,,58,54,108,104
21,龍潭,2022-03-12,77,2,6,,32,64,77,61
71,復興,2022-03-12,69,15,6,,41,56,,69
13,萬華,2022-03-12,37,2,3,,22,35,36,37
14,古亭,2022-03-12,40,2,2,,22,23,40,38
60,潮州,2022-03-12,132,15,5,,35,35,132,61
61,恆春,2022-03-12,42,2,1,,18,0,42,28
11,士林,2022-03-12,43,2,2,,23,18,43,33
10,淡水,2022-03-12,52,2,2,,24,52,51,51
15,松山,2022-03-12,36,5,2,,25,32,35,36
12,中山,2022-03-12,37,2,3,,24,33,37,37
8,菜寮,2022-03-12,48,5,5,,26,37,48,48
6,板橋,2022-03-12,41,5,5,,22,40,38,41
9,林口,2022-03-12,112,8,3,,25,20,112,44
64,陽明,2022-03-12,43,2,1,,14,3,43,31
16,大同,2022-03-12,53,2,12,,37,52,,53
7,新莊,2022-03-12,47,2,5,,31,47,42,46
1,基隆,2022-03-12,41,0,2,,24,33,39,41
83,麥寮,2022-03-12,105,10,6,,58,48,,105
62,臺東,2022-03-12,38,5,2,,25,13,38,30
65,宜蘭,2022-03-12,39,2,1,,26,13,39,32
2,汐止,2022-03-12,51,5,5,,23,51,37,36
84,富貴角,2022-03-12,74,8,2,,24,18,74,44
41,臺西,2022-03-12,90,15,6,,53,43,,90
4,新店,2022-03-12,41,0,2,,22,17,41,34
85,大城,2022-03-12,95,8,6,,48,47,61,95
39,新港,2022-03-12,123,15,6,,66,37,67,123
23,竹東,2022-03-12,61,5,5,,34,42,45,61
5,土城,2022-03-12,52,5,6,,26,52,38,44
63,花蓮,2022-03-12,38,2,2,,21,20,38,36
17,桃園,2022-03-12,77,45,6,,39,52,77,
51,大寮,2022-03-11,84,12,3,,49,45,84,67
54,左營,2022-03-11,71,10,6,,53,60,71,69
53,楠梓,2022-03-11,77,5,3,,43,54,77,58
60,潮州,2022-03-11,154,10,2,,36,22,154,55
66,冬山,2022-03-11,36,2,2,,20,35,36,25
58,小港,2022-03-11,64,8,5,,46,54,64,64
65,宜蘭,2022-03-11,43,2,2,,20,20,43,
59,屏東,2022-03-11,80,8,5,,44,32,80,65
27,三義,2022-03-11,84,2,2,,28,35,84,45
48,橋頭,2022-03-11,74,12,3,,51,50,74,71
28,豐原,2022-03-11,52,10,3,,29,37,43,52
29,沙鹿,2022-03-11,71,5,6,,43,53,71,70
30,大里,2022-03-11,71,8,6,,38,56,71,57
31,忠明,2022-03-11,80,5,6,,40,62,80,60
32,西屯,2022-03-11,77,5,5,,46,63,77,72
77,金門,2022-03-11,108,10,5,,70,50,101,108
39,新港,2022-03-11,88,5,5,,55,27,48,88
35,二林,2022-03-11,100,10,6,,66,33,93,100
68,中壢,2022-03-11,85,5,10,,50,68,,85
69,竹山,2022-03-11,77,5,2,,30,37,77,57
37,斗六,2022-03-11,64,15,5,,42,40,61,64
71,復興,2022-03-11,60,5,7,,45,52,,60
70,永和,2022-03-11,65,10,11,,34,58,,65
36,南投,2022-03-11,67,5,3,,31,50,67,57
72,埔里,2022-03-11,93,2,3,,25,33,93,47
64,陽明,2022-03-11,90,5,2,,18,15,90,38
57,前鎮,2022-03-11,65,8,7,,52,55,,65
61,恆春,2022-03-11,40,2,1,,16,2,40,26
56,前金,2022-03-11,80,10,5,,46,52,80,62
62,臺東,2022-03-11,37,5,2,,19,15,37,25
52,林園,2022-03-11,60,10,3,,57,30,54,60
78,馬公,2022-03-11,97,2,2,,34,12,97,55
80,關山,2022-03-11,36,2,1,,13,15,36,21
75,馬祖,2022-03-11,78,8,6,,48,28,54,78
63,花蓮,2022-03-11,41,2,2,,16,12,41,31
46,臺南,2022-03-11,80,10,5,,51,55,80,70
47,美濃,2022-03-11,74,5,2,,35,17,74,52
42,嘉義,2022-03-11,64,22,5,,41,37,64,63
41,臺西,2022-03-11,80,10,5,,51,43,,80
43,新營,2022-03-11,69,5,3,,45,48,61,69
38,崙背,2022-03-11,93,8,5,,60,35,80,93
44,善化,2022-03-11,62,30,2,,38,48,61,62
40,朴子,2022-03-11,96,8,5,,57,27,67,96
33,彰化,2022-03-11,71,10,6,,44,55,58,71
34,線西,2022-03-11,80,18,5,,50,50,,80
45,安南,2022-03-11,90,5,5,,54,45,90,81
23,竹東,2022-03-11,74,2,3,,37,30,74,
20,平鎮,2022-03-11,68,5,6,,45,68,58,
17,桃園,2022-03-11,67,50,6,,43,59,67,
25,頭份,2022-03-11,78,10,5,,44,60,,78
18,大園,2022-03-11,84,10,3,,37,52,54,84
13,萬華,2022-03-11,60,10,7,,29,60,39,56
14,古亭,2022-03-11,71,10,5,,29,57,71,58
49,仁武,2022-03-11,67,10,3,,43,55,51,67
15,松山,2022-03-11,66,8,6,,33,66,61,60
26,苗栗,2022-03-11,67,10,5,,36,54,67,67
16,大同,2022-03-11,69,5,16,,45,68,,69
8,菜寮,2022-03-11,74,5,6,,32,57,74,69
9,林口,2022-03-11,80,10,5,,30,53,80,56
11,士林,2022-03-11,60,5,6,,34,60,54,60
10,淡水,2022-03-11,78,8,5,,35,54,51,78
85,大城,2022-03-11,101,5,3,,55,48,101,93
4,新店,2022-03-11,90,10,5,,28,55,90,52
84,富貴角,2022-03-11,80,5,2,,30,25,80,58
83,麥寮,2022-03-11,90,8,6,,57,40,,90
50,鳳山,2022-03-11,73,8,8,,45,55,,73
6,板橋,2022-03-11,87,10,8,,36,65,87,65
5,土城,2022-03-11,74,8,8,,38,62,74,61
3,萬里,2022-03-11,77,5,3,,24,30,77,47
2,汐止,2022-03-11,67,25,6,,30,67,67,55
21,龍潭,2022-03-11,74,5,8,,38,69,74,59
19,觀音,2022-03-11,81,20,2,,41,50,51,81
12,中山,2022-03-11,63,5,9,,34,62,47,63
7,新莊,2022-03-11,71,12,8,,40,71,71,67
67,三重,2022-03-11,72,8,14,,41,72,,71
22,湖口,2022-03-11,76,5,2,,37,45,74,76
24,新竹,2022-03-11,78,12,6,,38,64,54,78
1,基隆,2022-03-11,56,8,6,,27,47,50,56
38,崙背,2022-03-10,83,5,3,,57,23,71,83
48,橋頭,2022-03-10,67,8,3,,47,48,67,66
52,林園,2022-03-10,67,15,3,,55,42,67,61
69,竹山,2022-03-10,84,8,2,,30,28,84,56
70,永和,2022-03-10,64,8,14,,37,61,,64
67,三重,2022-03-10,69,10,17,,43,69,,64
65,宜蘭,2022-03-10,43,2,2,,25,25,43,
66,冬山,2022-03-10,44,0,2,,24,23,44,31
71,復興,2022-03-10,60,5,7,,44,55,,60
75,馬祖,2022-03-10,112,8,2,,62,13,112,70
64,陽明,2022-03-10,71,5,2,,20,8,71,38
72,埔里,2022-03-10,77,5,3,,27,28,77,48
62,臺東,2022-03-10,41,2,2,,23,20,41,28
60,潮州,2022-03-10,97,5,2,,34,23,97,57
58,小港,2022-03-10,72,8,5,,48,60,50,72
59,屏東,2022-03-10,74,5,3,,42,27,74,60
61,恆春,2022-03-10,45,2,1,,15,0,45,26
53,楠梓,2022-03-10,67,8,3,,46,52,67,57
54,左營,2022-03-10,71,5,5,,47,38,71,62
51,大寮,2022-03-10,65,18,3,,46,50,61,65
49,仁武,2022-03-10,67,12,5,,43,56,49,67
56,前金,2022-03-10,74,8,5,,43,35,74,58
50,鳳山,2022-03-10,85,8,8,,52,55,,85
45,安南,2022-03-10,71,5,3,,50,55,71,66
46,臺南,2022-03-10,55,8,3,,48,43,44,55
63,花蓮,2022-03-10,42,2,2,,18,22,42,29
47,美濃,2022-03-10,74,5,2,,32,20,74,54
57,前鎮,2022-03-10,58,8,6,,46,50,,58
77,金門,2022-03-10,97,8,2,,62,57,97,75
39,新港,2022-03-10,82,69,3,,56,43,46,82
40,朴子,2022-03-10,76,8,2,,50,33,64,76
37,斗六,2022-03-10,80,5,5,,53,32,61,80
35,二林,2022-03-10,92,5,3,,60,28,80,92
41,臺西,2022-03-10,68,10,3,,50,27,,68
36,南投,2022-03-10,74,8,5,,33,40,74,55
31,忠明,2022-03-10,71,12,7,,45,69,71,65
32,西屯,2022-03-10,74,12,6,,50,67,61,74
29,沙鹿,2022-03-10,78,15,5,,53,56,50,78
33,彰化,2022-03-10,81,18,6,,53,60,58,81
27,三義,2022-03-10,77,2,2,,28,15,77,44
28,豐原,2022-03-10,52,8,2,,34,28,45,52
42,嘉義,2022-03-10,71,20,3,,47,33,71,68
23,竹東,2022-03-10,54,5,3,,34,38,54,
24,新竹,2022-03-10,72,5,8,,38,61,43,72
21,龍潭,2022-03-10,77,5,5,,37,61,77,50
19,觀音,2022-03-10,85,10,3,,53,33,71,85
20,平鎮,2022-03-10,72,8,8,,51,72,47,
25,頭份,2022-03-10,67,10,3,,43,47,,67
14,古亭,2022-03-10,52,5,5,,30,52,51,50
15,松山,2022-03-10,62,10,8,,37,62,45,56
16,大同,2022-03-10,65,8,17,,43,65,,60
26,苗栗,2022-03-10,60,8,3,,34,42,58,60
43,新營,2022-03-10,80,5,3,,48,52,80,68
68,中壢,2022-03-10,84,8,14,,60,71,,84
44,善化,2022-03-10,74,5,3,,39,54,74,63
13,萬華,2022-03-10,62,5,8,,33,62,49,50
78,馬公,2022-03-10,97,2,2,,48,10,97,62
17,桃園,2022-03-10,84,25,9,,49,72,84,77
10,淡水,2022-03-10,97,5,5,,36,50,97,62
18,大園,2022-03-10,86,10,5,,50,59,71,86
11,士林,2022-03-10,68,2,7,,37,68,64,48
22,湖口,2022-03-10,74,8,3,,37,47,74,69
7,新莊,2022-03-10,67,8,9,,45,64,67,66
8,菜寮,2022-03-10,70,5,9,,38,70,67,62
5,土城,2022-03-10,77,5,7,,40,58,77,62
2,汐止,2022-03-10,60,12,7,,33,60,43,48
3,萬里,2022-03-10,74,2,2,,30,25,74,45
6,板橋,2022-03-10,80,8,9,,37,69,80,61
4,新店,2022-03-10,58,5,5,,30,42,58,44
34,線西,2022-03-10,82,8,3,,59,60,,82
30,大里,2022-03-10,77,12,8,,42,63,77,64
1,基隆,2022-03-10,50,2,5,,31,43,50,49
84,富貴角,2022-03-10,58,2,2,,42,13,58,54
85,大城,2022-03-10,100,2,2,,47,25,100,77
83,麥寮,2022-03-10,80,5,3,,55,32,,80
9,林口,2022-03-10,90,8,3,,39,53,90,57
12,中山,2022-03-10,60,10,9,,34,60,44,51
80,關山,2022-03-10,41,2,1,,14,10,41,23
69,竹山,2022-03-09,100,8,2,,36,22,100,57
70,永和,2022-03-09,53,5,11,,26,53,,41
71,復興,2022-03-09,62,2,7,,48,54,,62
68,中壢,2022-03-09,59,8,14,,34,59,,46
66,冬山,2022-03-09,45,2,2,,27,27,45,31
72,埔里,2022-03-09,100,2,3,,26,18,100,43
67,三重,2022-03-09,59,5,15,,29,59,,38
62,臺東,2022-03-09,44,2,2,,22,15,44,24
63,花蓮,2022-03-09,48,2,2,,19,20,48,24
64,陽明,2022-03-09,47,8,1,,18,3,47,29
80,關山,2022-03-09,41,2,1,,17,13,41,21
60,潮州,2022-03-09,126,8,2,,31,22,126,53
52,林園,2022-03-09,90,18,2,,47,43,90,47
53,楠梓,2022-03-09,101,5,3,,47,38,101,60
54,左營,2022-03-09,101,8,5,,50,40,101,69
48,橋頭,2022-03-09,101,5,3,,49,40,101,69
49,仁武,2022-03-09,80,8,3,,43,56,80,68
57,前鎮,2022-03-09,61,5,5,,50,48,,61
44,善化,2022-03-09,90,10,3,,41,47,90,65
45,安南,2022-03-09,97,5,5,,51,47,97,65
46,臺南,2022-03-09,97,8,5,,50,43,97,53
58,小港,2022-03-09,84,10,3,,46,43,84,62
77,金門,2022-03-09,97,8,2,,48,42,97,54
47,美濃,2022-03-09,104,5,2,,31,17,104,53
40,朴子,2022-03-09,87,5,5,,45,30,87,62
41,臺西,2022-03-09,57,12,5,,48,38,,57
42,嘉義,2022-03-09,93,10,3,,48,28,93,62
78,馬公,2022-03-09,115,2,2,,39,10,115,50
43,新營,2022-03-09,101,8,5,,45,45,101,62
50,鳳山,2022-03-09,69,8,7,,47,52,,69
31,忠明,2022-03-09,90,5,6,,42,56,90,54
32,西屯,2022-03-09,80,5,5,,48,51,80,61
33,彰化,2022-03-09,68,18,6,,51,56,67,68
35,二林,2022-03-09,93,10,3,,53,30,93,72
34,線西,2022-03-09,70,15,5,,52,52,,70
37,斗六,2022-03-09,87,10,6,,50,47,87,68
38,崙背,2022-03-09,84,8,3,,49,35,84,61
36,南投,2022-03-09,101,5,2,,38,30,101,55
51,大寮,2022-03-09,90,35,3,,44,35,90,62
23,竹東,2022-03-09,80,2,3,,31,22,80,
24,新竹,2022-03-09,67,5,5,,34,40,67,52
25,頭份,2022-03-09,49,5,3,,38,28,,49
22,湖口,2022-03-09,74,5,2,,34,52,74,52
19,觀音,2022-03-09,54,28,2,,40,54,51,54
20,平鎮,2022-03-09,46,5,5,,31,42,46,
26,苗栗,2022-03-09,64,15,3,,33,35,64,47
21,龍潭,2022-03-09,58,5,3,,29,47,58,37
18,大園,2022-03-09,48,15,3,,25,48,45,38
27,三義,2022-03-09,84,5,2,,31,15,84,43
59,屏東,2022-03-09,97,2,2,,37,22,97,55
75,馬祖,2022-03-09,90,8,7,,45,20,90,60
16,大同,2022-03-09,62,8,14,,39,62,,47
61,恆春,2022-03-09,47,2,1,,16,2,47,27
65,宜蘭,2022-03-09,48,2,1,,22,10,48,
17,桃園,2022-03-09,56,20,5,,30,56,44,42
28,豐原,2022-03-09,55,8,3,,35,22,47,55
15,松山,2022-03-09,54,5,3,,26,54,35,34
11,士林,2022-03-09,56,2,6,,26,56,48,28
12,中山,2022-03-09,59,5,8,,25,59,37,33
13,萬華,2022-03-09,54,5,5,,22,54,38,30
14,古亭,2022-03-09,48,5,3,,21,48,44,31
29,沙鹿,2022-03-09,80,5,5,,47,54,80,60
7,新莊,2022-03-09,66,2,7,,31,66,43,34
83,麥寮,2022-03-09,60,5,6,,46,40,,60
39,新港,2022-03-09,69,8,3,,49,30,64,69
84,富貴角,2022-03-09,64,2,1,,40,8,64,29
5,土城,2022-03-09,62,8,7,,28,62,44,33
9,林口,2022-03-09,44,5,2,,23,32,44,29
85,大城,2022-03-09,115,5,5,,46,43,115,67
6,板橋,2022-03-09,60,5,7,,24,60,44,33
8,菜寮,2022-03-09,54,2,7,,24,54,42,39
1,基隆,2022-03-09,45,5,5,,23,45,44,31
2,汐止,2022-03-09,48,12,3,,24,48,39,28
3,萬里,2022-03-09,48,18,1,,27,22,48,23
10,淡水,2022-03-09,55,2,3,,22,55,44,35
4,新店,2022-03-09,45,2,3,,23,45,45,27
30,大里,2022-03-09,93,5,6,,48,42,93,64
32,西屯,2022-03-08,51,2,2,,28,51,49,30
72,埔里,2022-03-08,71,2,3,,20,18,71,23
67,三重,2022-03-08,62,5,12,,28,62,,33
68,中壢,2022-03-08,54,5,9,,25,54,,27
65,宜蘭,2022-03-08,46,8,1,,17,10,46,
66,冬山,2022-03-08,45,2,1,,17,18,45,18
69,竹山,2022-03-08,58,5,2,,25,32,58,40
63,花蓮,2022-03-08,48,2,2,,21,23,48,25
64,陽明,2022-03-08,46,5,1,,12,3,46,17
70,永和,2022-03-08,32,2,6,,21,32,,25
60,潮州,2022-03-08,84,8,3,,23,22,84,44
61,恆春,2022-03-08,48,8,1,,18,2,48,27
62,臺東,2022-03-08,44,2,2,,25,8,44,23
71,復興,2022-03-08,48,2,6,,26,48,,36
75,馬祖,2022-03-08,61,5,2,,27,17,61,49
52,林園,2022-03-08,77,10,3,,26,33,77,28
53,楠梓,2022-03-08,64,5,3,,31,50,64,39
54,左營,2022-03-08,74,5,3,,31,37,74,44
57,前鎮,2022-03-08,51,8,5,,30,51,,36
48,橋頭,2022-03-08,67,5,3,,33,42,67,48
49,仁武,2022-03-08,54,8,3,,27,54,50,45
44,善化,2022-03-08,71,8,3,,27,32,71,49
45,安南,2022-03-08,67,5,3,,35,30,67,43
46,臺南,2022-03-08,71,8,5,,37,35,71,32
43,新營,2022-03-08,71,8,3,,32,37,71,44
58,小港,2022-03-08,57,20,5,,27,57,50,42
41,臺西,2022-03-08,33,10,3,,33,17,,30
47,美濃,2022-03-08,64,2,2,,21,43,64,31
42,嘉義,2022-03-08,45,15,3,,33,43,45,45
36,南投,2022-03-08,49,5,3,,25,42,49,34
37,斗六,2022-03-08,45,5,3,,32,32,45,38
35,二林,2022-03-08,51,10,2,,37,25,51,36
38,崙背,2022-03-08,51,12,5,,37,27,51,34
33,彰化,2022-03-08,48,2,3,,32,48,44,35
34,線西,2022-03-08,38,12,2,,38,37,,38
31,忠明,2022-03-08,55,5,5,,25,55,51,30
40,朴子,2022-03-08,58,10,3,,35,28,58,44
39,新港,2022-03-08,45,8,3,,35,27,45,44
77,金門,2022-03-08,49,18,3,,32,48,49,45
59,屏東,2022-03-08,71,5,3,,30,30,71,39
78,馬公,2022-03-08,97,2,2,,29,8,97,44
25,頭份,2022-03-08,37,8,2,,22,37,,26
26,苗栗,2022-03-08,43,5,3,,26,43,43,27
27,三義,2022-03-08,47,2,2,,19,17,47,22
28,豐原,2022-03-08,40,5,2,,20,20,40,30
51,大寮,2022-03-08,52,20,5,,32,50,47,52
50,鳳山,2022-03-08,48,8,7,,27,43,,48
29,沙鹿,2022-03-08,51,2,2,,27,51,45,28
23,竹東,2022-03-08,43,2,2,,18,12,43,
18,大園,2022-03-08,41,5,1,,20,35,41,20
19,觀音,2022-03-08,44,20,1,,28,27,44,29
16,大同,2022-03-08,57,5,10,,36,57,,36
20,平鎮,2022-03-08,40,5,3,,23,35,40,
17,桃園,2022-03-08,41,10,3,,22,37,41,27
12,中山,2022-03-08,56,5,6,,20,56,36,26
11,士林,2022-03-08,45,2,3,,19,45,45,19
13,萬華,2022-03-08,51,2,3,,18,51,39,24
14,古亭,2022-03-08,39,2,2,,18,27,39,23
10,淡水,2022-03-08,43,2,2,,16,33,43,27
15,松山,2022-03-08,54,5,3,,22,54,38,30
21,龍潭,2022-03-08,41,2,2,,19,28,41,20
5,土城,2022-03-08,41,10,3,,20,33,41,16
4,新店,2022-03-08,43,2,2,,17,42,43,23
6,板橋,2022-03-08,51,10,3,,19,51,42,25
7,新莊,2022-03-08,53,2,5,,,53,44,28
9,林口,2022-03-08,42,2,2,,21,38,42,20
2,汐止,2022-03-08,56,10,3,,20,56,43,22
3,萬里,2022-03-08,50,5,1,,50,17,48,22
8,菜寮,2022-03-08,53,2,5,,19,53,41,32
1,基隆,2022-03-08,44,5,3,,20,30,44,22
22,湖口,2022-03-08,42,2,2,,21,22,42,26
84,富貴角,2022-03-08,54,0,1,,43,5,54,23
83,麥寮,2022-03-08,34,8,3,,33,25,,34
85,大城,2022-03-08,77,10,2,,33,22,77,42
80,關山,2022-03-08,44,2,1,,14,8,44,19
30,大里,2022-03-08,52,5,5,,28,52,48,28
24,新竹,2022-03-08,40,5,2,,20,28,40,32
68,中壢,2022-03-07,56,2,6,,15,56,,24
69,竹山,2022-03-07,54,2,2,,32,22,30,54
67,三重,2022-03-07,59,5,10,,12,59,,25
70,永和,2022-03-07,55,2,10,,11,55,,21
66,冬山,2022-03-07,40,2,2,,9,22,40,10
63,花蓮,2022-03-07,37,2,3,,22,18,37,35
64,陽明,2022-03-07,46,2,1,,1,2,46,9
65,宜蘭,2022-03-07,34,8,2,,7,12,34,
59,屏東,2022-03-07,64,2,3,,64,20,32,62
60,潮州,2022-03-07,57,0,8,,57,20,33,54
58,小港,2022-03-07,59,2,5,,44,42,31,59
61,恆春,2022-03-07,49,2,3,,33,18,45,49
62,臺東,2022-03-07,42,2,2,,30,12,42,36
72,埔里,2022-03-07,30,2,3,,18,20,29,30
54,左營,2022-03-07,59,5,5,,45,27,34,59
57,前鎮,2022-03-07,57,5,5,,46,32,,57
49,仁武,2022-03-07,67,5,3,,44,43,31,67
50,鳳山,2022-03-07,69,2,8,,45,37,,69
51,大寮,2022-03-07,64,5,3,,47,37,30,64
48,橋頭,2022-03-07,60,2,3,,49,27,33,60
45,安南,2022-03-07,50,0,3,,39,32,35,50
46,臺南,2022-03-07,41,2,3,,40,33,36,41
44,善化,2022-03-07,51,2,2,,31,18,36,51
43,新營,2022-03-07,45,2,2,,34,22,37,45
52,林園,2022-03-07,58,12,16,,57,40,30,58
47,美濃,2022-03-07,46,2,2,,29,15,32,46
39,新港,2022-03-07,44,8,2,,30,17,32,44
40,朴子,2022-03-07,49,2,2,,29,17,36,49
41,臺西,2022-03-07,26,8,3,,26,17,,23
42,嘉義,2022-03-07,49,5,3,,36,27,33,49
75,馬祖,2022-03-07,37,2,1,,11,15,37,31
53,楠梓,2022-03-07,51,2,3,,40,28,33,51
36,南投,2022-03-07,38,5,3,,27,32,31,38
32,西屯,2022-03-07,40,2,2,,21,18,40,27
37,斗六,2022-03-07,43,8,3,,32,20,33,43
77,金門,2022-03-07,49,5,3,,28,23,40,49
38,崙背,2022-03-07,39,2,3,,32,15,39,35
27,三義,2022-03-07,39,2,2,,18,13,39,24
28,豐原,2022-03-07,34,5,3,,20,17,34,32
26,苗栗,2022-03-07,38,8,2,,15,20,38,25
29,沙鹿,2022-03-07,38,2,2,,19,17,38,24
23,竹東,2022-03-07,35,0,2,,10,17,35,23
24,新竹,2022-03-07,40,5,2,,9,22,40,25
30,大里,2022-03-07,36,2,2,,22,27,36,30
25,頭份,2022-03-07,27,5,2,,12,22,,27
19,觀音,2022-03-07,45,8,1,,16,10,45,20
20,平鎮,2022-03-07,42,2,2,,11,42,37,
21,龍潭,2022-03-07,37,2,2,,7,27,37,16
31,忠明,2022-03-07,39,2,3,,18,30,39,22
22,湖口,2022-03-07,43,2,1,,11,13,43,22
34,線西,2022-03-07,29,8,3,,22,23,,29
33,彰化,2022-03-07,38,5,2,,20,28,38,34
12,中山,2022-03-07,54,5,6,,8,54,39,16
13,萬華,2022-03-07,50,0,3,,7,50,41,16
11,士林,2022-03-07,42,2,2,,9,42,39,17
14,古亭,2022-03-07,40,2,3,,8,37,40,19
9,林口,2022-03-07,44,2,2,,6,17,44,13
15,松山,2022-03-07,52,5,3,,10,52,38,20
10,淡水,2022-03-07,39,2,2,,10,15,39,19
71,復興,2022-03-07,58,2,6,,43,37,,58
16,大同,2022-03-07,59,2,8,,13,59,,23
84,富貴角,2022-03-07,51,0,1,,32,3,51,23
17,桃園,2022-03-07,42,5,2,,9,32,42,22
85,大城,2022-03-07,46,5,2,,26,18,46,32
2,汐止,2022-03-07,48,2,2,,7,48,41,16
3,萬里,2022-03-07,48,5,1,,23,8,48,16
4,新店,2022-03-07,39,0,2,,8,32,39,20
5,土城,2022-03-07,43,2,3,,9,43,38,14
6,板橋,2022-03-07,42,5,3,,8,33,42,17
78,馬公,2022-03-07,44,0,2,,23,7,44,31
80,關山,2022-03-07,36,2,2,,16,12,36,30
7,新莊,2022-03-07,42,2,2,,,22,42,17
1,基隆,2022-03-07,42,18,2,,12,37,42,21
8,菜寮,2022-03-07,40,5,2,,7,40,38,23
18,大園,2022-03-07,43,8,2,,14,23,43,23
35,二林,2022-03-07,42,5,2,,28,20,42,38
83,麥寮,2022-03-07,28,8,5,,28,22,,23
68,中壢,2022-03-06,56,2,9,,39,50,,56
67,三重,2022-03-06,58,8,9,,46,55,,58
69,竹山,2022-03-06,100,8,3,,60,23,71,100
64,陽明,2022-03-06,97,2,3,,18,3,97,34
65,宜蘭,2022-03-06,77,2,3,,37,17,77,54
66,冬山,2022-03-06,58,0,3,,32,15,58,43
70,永和,2022-03-06,58,2,5,,46,22,,58
60,潮州,2022-03-06,100,18,5,,45,37,100,80
61,恆春,2022-03-06,67,0,2,,25,2,67,41
62,臺東,2022-03-06,73,73,2,,37,10,58,43
59,屏東,2022-03-06,104,10,5,,56,22,104,93
57,前鎮,2022-03-06,113,22,7,,75,55,,113
71,復興,2022-03-06,116,18,8,,70,55,,116
58,小港,2022-03-06,102,22,6,,62,57,84,102
63,花蓮,2022-03-06,71,2,3,,39,20,71,54
50,鳳山,2022-03-06,117,15,7,,64,33,,117
49,仁武,2022-03-06,117,10,6,,64,38,90,117
51,大寮,2022-03-06,98,12,6,,60,37,74,98
52,林園,2022-03-06,93,5,5,,69,33,93,92
47,美濃,2022-03-06,90,5,3,,44,12,90,75
53,楠梓,2022-03-06,104,15,6,,70,33,104,104
48,橋頭,2022-03-06,122,18,6,,76,32,122,116
42,嘉義,2022-03-06,109,30,5,,76,28,77,109
41,臺西,2022-03-06,69,10,3,,69,23,,69
43,新營,2022-03-06,92,5,5,,66,25,84,92
39,新港,2022-03-06,90,10,6,,71,23,51,90
44,善化,2022-03-06,90,8,3,,61,25,74,90
40,朴子,2022-03-06,88,10,6,,68,27,77,88
36,南投,2022-03-06,81,10,5,,53,23,54,81
37,斗六,2022-03-06,99,10,6,,73,22,80,99
45,安南,2022-03-06,92,5,6,,72,30,80,92
34,線西,2022-03-06,68,10,2,,67,27,,68
38,崙背,2022-03-06,87,10,5,,71,23,87,80
35,二林,2022-03-06,97,12,5,,74,28,97,80
30,大里,2022-03-06,75,5,5,,51,33,64,75
31,忠明,2022-03-06,80,5,5,,46,38,80,62
32,西屯,2022-03-06,77,5,3,,51,30,77,69
29,沙鹿,2022-03-06,84,2,3,,53,25,84,63
28,豐原,2022-03-06,81,5,5,,49,23,44,81
33,彰化,2022-03-06,74,15,3,,53,30,74,71
46,臺南,2022-03-06,95,5,6,,78,37,90,95
72,埔里,2022-03-06,69,2,3,,38,15,64,69
54,左營,2022-03-06,115,22,7,,75,51,115,109
21,龍潭,2022-03-06,54,2,3,,38,22,54,54
22,湖口,2022-03-06,67,2,3,,40,13,67,55
20,平鎮,2022-03-06,64,2,5,,39,22,64,54
18,大園,2022-03-06,74,8,3,,44,23,74,55
23,竹東,2022-03-06,56,2,3,,32,8,47,56
19,觀音,2022-03-06,71,18,2,,64,25,71,71
15,松山,2022-03-06,61,8,3,,50,28,51,61
16,大同,2022-03-06,67,2,7,,58,51,,67
17,桃園,2022-03-06,74,8,5,,42,20,74,64
24,新竹,2022-03-06,58,2,3,,34,20,58,53
14,古亭,2022-03-06,74,2,3,,43,20,74,61
25,頭份,2022-03-06,58,8,3,,38,23,,58
10,淡水,2022-03-06,64,2,3,,28,13,64,49
11,士林,2022-03-06,108,5,3,,43,13,108,57
12,中山,2022-03-06,64,2,5,,47,28,54,64
13,萬華,2022-03-06,67,0,3,,45,27,67,62
26,苗栗,2022-03-06,71,8,3,,39,25,71,60
8,菜寮,2022-03-06,77,10,3,,44,18,77,66
85,大城,2022-03-06,108,5,2,,68,10,108,78
78,馬公,2022-03-06,82,2,2,,68,8,71,82
27,三義,2022-03-06,90,5,3,,39,13,90,67
75,馬祖,2022-03-06,65,2,2,,65,10,44,60
80,關山,2022-03-06,48,2,2,,29,8,48,35
77,金門,2022-03-06,94,2,3,,94,17,87,82
1,基隆,2022-03-06,84,2,3,,53,12,84,67
2,汐止,2022-03-06,67,10,3,,47,22,67,59
84,富貴角,2022-03-06,122,0,2,,73,5,122,67
5,土城,2022-03-06,67,2,5,,40,20,67,54
3,萬里,2022-03-06,104,5,3,,70,12,104,67
83,麥寮,2022-03-06,71,5,3,,67,23,,71
9,林口,2022-03-06,90,5,3,,40,13,90,53
4,新店,2022-03-06,71,2,3,,35,18,71,52
7,新莊,2022-03-06,77,2,3,,52,17,77,63
6,板橋,2022-03-06,77,2,5,,43,27,77,57
67,三重,2022-03-05,59,5,11,,36,57,,59
69,竹山,2022-03-05,98,5,3,,48,28,90,98
64,陽明,2022-03-05,64,0,3,,16,3,64,36
65,宜蘭,2022-03-05,56,2,3,,29,17,50,56
68,中壢,2022-03-05,64,5,10,,38,55,,64
66,冬山,2022-03-05,51,0,3,,27,23,42,51
61,恆春,2022-03-05,45,0,2,,12,2,45,23
62,臺東,2022-03-05,50,2,3,,19,12,50,27
63,花蓮,2022-03-05,71,0,3,,25,25,71,52
70,永和,2022-03-05,54,8,6,,32,30,,54
59,屏東,2022-03-05,93,10,5,,47,27,93,83
57,前鎮,2022-03-05,98,8,7,,61,45,,98
58,小港,2022-03-05,85,8,5,,46,52,51,85
71,復興,2022-03-05,98,5,8,,55,50,,98
60,潮州,2022-03-05,122,12,3,,34,22,122,71
51,大寮,2022-03-05,90,18,5,,49,42,87,90
52,林園,2022-03-05,97,8,5,,57,40,97,84
50,鳳山,2022-03-05,95,5,8,,47,48,,95
48,橋頭,2022-03-05,94,5,5,,56,38,74,94
53,楠梓,2022-03-05,83,5,3,,50,35,74,83
47,美濃,2022-03-05,60,2,2,,30,13,51,60
49,仁武,2022-03-05,97,10,5,,49,52,58,97
44,善化,2022-03-05,97,10,5,,50,42,58,97
43,新營,2022-03-05,109,10,6,,56,45,61,109
45,安南,2022-03-05,105,8,6,,60,35,77,105
40,朴子,2022-03-05,108,10,5,,57,30,54,108
41,臺西,2022-03-05,78,8,5,,48,23,,78
54,左營,2022-03-05,97,35,6,,61,37,97,96
72,埔里,2022-03-05,66,2,3,,32,22,54,66
42,嘉義,2022-03-05,117,10,5,,62,28,54,117
46,臺南,2022-03-05,99,8,6,,62,38,80,99
35,二林,2022-03-05,117,12,6,,74,45,64,117
33,彰化,2022-03-05,82,8,6,,47,53,58,82
36,南投,2022-03-05,80,5,5,,44,35,77,80
34,線西,2022-03-05,92,25,6,,63,53,,92
31,忠明,2022-03-05,77,2,6,,38,57,77,65
37,斗六,2022-03-05,107,8,6,,62,38,64,107
32,西屯,2022-03-05,77,2,5,,44,52,61,77
28,豐原,2022-03-05,74,8,5,,35,25,45,74
29,沙鹿,2022-03-05,76,5,5,,45,40,54,76
27,三義,2022-03-05,74,2,3,,31,17,74,62
26,苗栗,2022-03-05,65,12,3,,35,33,50,65
22,湖口,2022-03-05,67,5,5,,36,28,54,67
23,竹東,2022-03-05,59,2,3,,28,20,46,59
24,新竹,2022-03-05,72,8,6,,38,60,50,72
20,平鎮,2022-03-05,65,8,6,,36,55,46,65
21,龍潭,2022-03-05,63,2,5,,33,54,48,63
30,大里,2022-03-05,88,5,6,,48,42,84,88
25,頭份,2022-03-05,72,8,6,,38,53,,72
38,崙背,2022-03-05,103,8,6,,68,37,64,103
19,觀音,2022-03-05,71,18,5,,45,48,54,71
14,古亭,2022-03-05,58,8,5,,31,27,48,58
16,大同,2022-03-05,62,8,7,,40,45,,62
15,松山,2022-03-05,57,8,3,,34,33,46,57
10,淡水,2022-03-05,50,2,6,,22,43,50,50
11,士林,2022-03-05,61,2,6,,33,53,61,55
9,林口,2022-03-05,52,5,3,,31,38,51,52
8,菜寮,2022-03-05,60,8,5,,30,25,50,60
12,中山,2022-03-05,55,8,6,,31,35,45,55
4,新店,2022-03-05,55,2,5,,28,30,50,55
5,土城,2022-03-05,53,8,5,,32,25,46,53
17,桃園,2022-03-05,62,18,5,,33,32,48,62
6,板橋,2022-03-05,56,2,5,,32,28,49,56
3,萬里,2022-03-05,61,0,3,,38,17,61,47
7,新莊,2022-03-05,61,8,5,,40,22,50,61
13,萬華,2022-03-05,55,5,5,,30,33,49,55
1,基隆,2022-03-05,57,0,5,,30,35,54,57
2,汐止,2022-03-05,53,12,5,,30,50,51,53
